Title,Authors,Pages,Access,URL,Abstract,PubDate,IssueKey
CroplandSAMCD: Siamese Mobile SAM with Domain Adaptation Fusion for Cropland Change Detection of Remote Sensing Images,"Li, Hongli; Mengcheng Li, Mengcheng; Gan, Wenxia; Cao, Wei; Liu, Dan; Ge, Liang; Yang, Wei; Wang, Ying;",pp. 363–374,Subscribed content,https://doi.org/10.14358/PERS.25-00119R3,"Ensuring national food security and sustainable agricultural development requires accurate and timely detection of cropland changes from remote sensing imagery. The detection of land use changes is more challenging than traditional change detection due to the presence of scattered land parcels and similar spectral information. In this paper, we propose CroplandSAMCD, a Siamese change detection framework that integrates the visual foundation model MobileSAM with a fine-tuned TinyViT encoder and a domain adaptation fusion module (DAFM). MobileSAM extracts high-level semantic features, while TinyViT refines fine-grained boundaries of small cropland parcels. DAFM hierarchically fuses semantic and detailed features, mitigating domain discrepancies between natural and remote sensing images. The experimental results on the Cropland Change Detection dataset (CL-CD) cropland data set show that the proposed CroplandSAMCD model achieves a good balance between accuracy and efficiency. Specifically, this method achieves an F1 score of 81.99%, which was 4.27% higher than the previously best method. Further comparative results demonstrate that CroplandSAMCD outperforms several benchmark methods proposed in recent years in terms of overall accuracy and boundary integrity, verifying its effectiveness and competitiveness in the task of cropland change detection. In the generalization experiments, CroplandSAMCD demonstrated excellent performance on the WHU-CD and LEVIR-CD building change detection data sets, fully showcasing the robustness and universality of CroplandSAMCD.",April 2026,202604.0
A Comparative Review of Representative Techniques in Image-Based 3D Dense Reconstruction,"Zhu, Minghui; Yan, Jianguo; Zhong, Jiageng; Elfadaly, Abdelaziz; Dai, Liangzhi;",pp. 351–362,Subscribed content,https://doi.org/10.14358/PERS.25-00073R4,"A dense model of the target scene can be generated using dense three-dimensional (3D) reconstruction techniques based on the known camera poses. Over the past two decades, numerous advanced algorithms have emerged that not only enhance the quality and accuracy of 3D reconstruction but also point to promising directions for future developments. These methods include traditional multi-view stereo (MVS), deep learning–based MVS approaches, and more recent techniques such as neural radiance fields (NeRFs), which excel in modeling complex scenes, and 3D Gaussian splatting (3DGS), which shows promise for real-time performance and high visual fidelity. Each of these techniques varies in terms of accuracy, robustness, efficiency, computational resource usage, and applicability to different types of scenes. In this paper, we provide a comprehensive review of these methods, analyze their strengths and limitations, and experimentally compare their performance under different conditions to guide future advancements in high-quality dense 3D reconstruction.",April 2026,202604.0
Quantile Regression-Based Change Detection using Landsat Analysis-Ready Data,"Liang, Xiaoyu; Liu, Desheng;",pp. 337–349,Open Access content,https://doi.org/10.14358/PERS.25-00087R3,"Human interference with the land surface is occurring at unprecedented frequency and intensity, posing substantial sustainability challenges. Continuously monitoring the land surface and promptly detecting land-cover changes are crucial for understanding human–environment interactions and balancing social development with natural resource management. While many Landsat time series–based change detection methods have been developed to capture fine-scale human-induced changes with temporal accuracy at the monthly scale or finer, most rely solely on independent pixel-level temporal modeling and thus underuse the added value of spatial information. This research introduces a novel quantile regression-based change detection method that integrates spatial context via empirical cumulative distribution functions and quantiles into a pixel-based change detection framework. We applied the proposed method to central Worcester, Massachusetts, an area that experienced intensive human activities in the early 2000s, using Landsat analysis-ready data surface reflectance data. Compared to state-of-the-art pixel-based methods, the proposed method achieved satisfactory detection accuracy with a F1 score of 88% and correctly detected 16 of 25 changes. It also demonstrated the lowest temporal root mean square error of 10.9 days, indicating its capability for early detection. Additionally, the method showed superior performance without requiring an extra cloud filter, highlighting its robustness to outliers.  The source code for implementing the proposed method is publicly available at https://github.com/liangxy-geog/Quantile-Regression-based-Change-Detection-using-Landsat-Analysis-Ready-Data.",April 2026,202604.0
Spatiotemporal Dynamics and Drivers of Phytoplankton Bloom in Dongting Lake from 2014 to 2022,"Lin, Yanyan; Zhong, Liang; Yu, Xiaolong; Yu, Peng; Luan, Hualong; Xie, Zhiying; Zhou, Yunxuan; Zhong, Xiaojing;",pp. 323–335,Subscribed content,https://doi.org/10.14358/PERS.25-00107R2,"Phytoplankton blooms are a major global environmental issue, affecting aquatic ecosystems, aquaculture, food production, and water supply security. This study systematically investigated the spatiotemporal dynamics of phytoplankton blooms in Dongting Lake from 2014 to 2022 using Floating Algae Index (FAI) time-series data derived from Landsat imagery via the Google Earth Engine (GEE) platform. The research aimed to characterize bloom distribution patterns and assess the influence of environmental and meteorological drivers. Using multiple statistical and spatial methods—including Theil–Sen trend estimation, the Mann–Kendall test, the Hurst index, spatial autocorrelation, and geographic detector analysis—the study explored the nonlinear bivariate relationships underpinning bloom formation. Multiscale temporal analyses (daily, monthly, seasonal, and annual) provided a detailed understanding beyond conventional single-scale studies. The results indicated that algal blooms predominantly occurred in the eastern and southern regions of Dongting Lake, with lower frequency in the west. Bloom extent peaked in summer and autumn. At the daily scale, total phosphorus (TP), chlorophyll a (Chl-a), and air temperature were key promoters of bloom development, whereas total nitrogen (TN) and barometric pressure exhibited inhibitory effects. Monthly analyses revealed significant positive correlations between TN, Chl-a, air temperature, and bloom growth. On seasonal and annual scales, Chl-a concentration closely correlated with bloom intensity. The largest bloom, recorded in 2014, covered 1094.57 km2. This comprehensive analysis elucidated the spatial patterns and multi-year trends of blooms in Dongting Lake and identified seasonal hot spots, interannual variability, and recurring high-risk periods. The findings provide a critical reference for long-term monitoring, management, and risk mitigation of blooms in Dongting Lake and similar ecosystems, supporting optimized water resource management strategies.",April 2026,202604.0
CGMSANet: Hyperspectral Image Classification through Channel-Grouped Multi-Scale Feature Fusion and Attention Mechanisms,"Ye, Mengyan; Tan, Xicheng; Li, Chaopeng; Chaudhary, Hamza; Meng, Xiaoliang; Sha, Zongyao; Wang, Huamin; Tu, Jianguang; Chen, Chunhui; Zhong, Yanfei; Ma, Ailong;",pp. 309–322,Subscribed content,https://doi.org/10.14358/PERS.25-00035R4,"To address the limitations of traditional convolutional neural networks in hyperspectral image classification under sample-limited scenarios, including insufficient feature extraction and information redundancy, this paper proposes a novel network model called CGMSANet. This model replaces traditional batch normalization with group normalization (GN) and integrates it with attention mechanisms to effectively mitigate statistical bias in small-sample training, thereby enhancing the model’s generalization capability. Additionally, a dual-path attention module is designed, combining spatial dependency capture (SDC) and spectral feature weighting (SFW). SDC models cross-band global dependencies in the spatial dimension, while SFW dynamically suppresses redundant channels in the spectral dimension, thereby enhancing focus on discriminative features. Experiments on three public data sets—HongHu, LongKou, and HanChuan—demonstrate that CGMSANet achieves superior performance in terms of F1 score and classification accuracy. Specifically, on the HongHu data set, the average F1 score reaches 96.93%, with a 57% reduction in computational complexity and a 2.45× improvement in inference speed compared to the transformer-based SpectralFormer model. Ablation studies further validate the collaborative effectiveness of the GN, SDC, and SFW modules. This model provides an efficient and robust solution for few-shot hyperspectral classification tasks and shows significant potential for practical applications in agricultural monitoring and resource management. The data are available at https://github.com/YMY666yy/CGMASNet.",April 2026,202604.0
Optimization of Canopy Height Model Generation Parameters for Precise Forestry,"Płatek-Żak, Anna; Bakuła, Krzysztof; Marczykowska, Dorota; Pilarska-Mazurek, Magdalena; Kolendo, Łukasz; Ksepko, Marek; Koźniewski, Marcin;",pp. 293–307,Subscribed content,https://doi.org/10.14358/PERS.25-00099R4,"The usage of photogrammetric technologies is essential in the concept of precise forestry. Dense unmanned laser scanning (ULS) point clouds are the innovative and precise data source for canopy height model (CHM) generation. It is necessary to choose the CHM generation method and its settings appropriately. This study evaluated different CHM generation methods and aimed to select the optimal parameters for CHM generation based on dense ULS point clouds of a temperate forest in central Europe. The results show that the choice of method and settings influences the quality of parameters describing forest stands, such as tree height or volume, and determining the location of tree tops and 2D tree contours. The most accurate CHMs were generated using the pit-free method. This method provides the lowest differences between the reference values, which were evaluated using the proposed CHM quality index. The cell size of generated rasters had the most significant influence on the quality of CHM, regardless of the method. Among all variants, the optimal variant was selected with a spatial resolution of CHM of 20 cm and a number of height levels of 4 and no interpolation of values for areas without data. For coniferous forest, this variant has a mean tree top location error of 0.1 m, a mean tree top height error of 0.1 m, and a mean tree crown volume error of 8.5 m3. For deciduous forest, this variant has a mean tree top location error of 0.3 m, a mean tree top height error of 0.7 m, and a mean tree crown volume error of 40.8 m³.",April 2026,202604.0
"Urban Heat Island Studies Using Satellite Imagery Coupled with Field Measurements: A Case Study from Chattanooga, TN","Hossain, Azad; Wu, Emma; Anzalone, Braxton; Hart, Jacob; Mies, Jonathan",pp. 247-256(10),Open Access content,https://www.ingentaconnect.com/contentone/asprs/pers/2026/00000092/00000003/art00017;jsessionid=qf5ojetiaami.x-ic-live-03,"Urban and suburban areas experience elevated temperatures compared to their surrounding rural areas. This is well known as the urban heat island (UHI) effect, which is a common and an important effect of urbanization. The UHI effect is well known for the large cities around the world, and most of the recent studies were conducted there. UHI effects are less intense or less frequent in smaller urban areas compared to larger urban areas. However, this is not well understood since there is a significant lack of UHI effect studies on smaller cities. The city of Chattanooga, TN, is one of the fastest-growing cities in Tennessee. As urbanization continues in the greater Chattanooga area, it is very important to understand the possible UHI effect on sustainable development efforts in this area. Remote sensing technology has been used successfully to study the UHI effect for many large cities in the United States and the rest of the world. Using thermal images acquired by NASA’s Landsat‐8 satellite during the summers of 2018 and 2019, a recent study conducted in the Geological and Environmental Remote Sensing Laboratory at the University of Tennessee at Chattanooga found that the city of Chattanooga behaves like an UHI, and its effect is significant. Recently, we installed eight temperature-measuring stations across the city of Chattanooga, TN, to acquire air temperature at a 2‐m height from the ground. We have been acquiring temperature data every 10 min since March 2023. This study incorporated ground measured air temperature with the ongoing remote sensing-based study to better understand the UHI effect. The obtained results confirmed that the city of Chattanooga, TN, indeed behaves like an UHI. Both satellite-derived land surface temperature and direct air temperature measurements clearly captured the UHI effect, and their UHI profiles were comparable, with root mean square error values ranging from 5.0 to 7.5°F for different dates and 2.2 to 7.7°F for each station. While thermal images are particularly useful for mapping the spatial variation of UHI effects, air temperature measurements provide the advantage of capturing temporal variations throughout the day.",March 2026,
"Detecting Altimetric Changes in Arctic Landscapes Using Historical Aerial Imagery-Derived Digital Elevation Models (hDEMs): Case Study of the Black Mountain Alluvial Fan Complex, Canada","Menio, Emma; Theiss, Hank; Cothren, Jackson",pp. 231-245(15),Open Access content,https://www.ingentaconnect.com/contentone/asprs/pers/2026/00000092/00000003/art00015;jsessionid=qf5ojetiaami.x-ic-live-03,"In the rapidly changing Arctic, reconstructing landscapes over the last 50 years is essential to understanding effects due to climate-induced geomorphic change. While region-wide warming became measurable in the 1980s, spatially extensive high-latitude elevation data sets extend temporally back to the 2000s. Historical aerial imagery archives provide data sets of high-resolution imagery from the mid-to late 1900s with stereo-capability that can be harnessed to create historical digital elevation models (hDEMs). Reconstructing a surface from the past is challenging due to a lack of ground control from that era to constrain it in space, especially at high latitudes. The main purpose of this study was to determine whether an hDEM could be used to detect altimetric change in an area of poor ground control. We developed an hDEM from historical aerial imagery over the Black Mountain alluvial fan complex in the Northwest Territories, Canada, and used satellite imagery-derived ground control points to constrain the model in space. The resulting hDEM, when compared with the ArcticDEM, yields a vertical root mean square error of 5.19 m. We were able to isolate approximately 30 to 40 m of altimetric change from a landslide (circa 2013 to 2016) in the Black Mountain Fan catchment, supporting the supervised use of hDEMs for change detection studies. Data produced from this study are available on Dryad (doi:10.5061/dryad.mw6m90691).",March 2026,
Remote Sensing’s Role in Assessing the Risks of Climate Extremes,"Carbone, Gregory J.",pp. 221-229(9),Subscribed content,https://www.ingentaconnect.com/contentone/asprs/pers/2026/00000092/00000003/art00013;jsessionid=qf5ojetiaami.x-ic-live-03,"Drought, extreme precipitation, and urban heat represent climate extremes with significant consequences to environment and society. There are uncertainties associated with the patterns of each, the driving factors that influence these patterns, and their eventual effects. This paper documents how the science and data provided by the remote sensing and Geographic Information Science (GIScience) community have reduced some of these uncertainties. For more than a half-century, observations and spatial analysis have revealed important patterns and processes of these extremes and the setting in which they occur. The current explosion of data and of the tools to manage and process it are required to address increasingly complex global challenges.",March 2026,
"Review of NASA Earth Observations, Recent Science, and Practical Applications","Uz, Stephanie Schollaert; Anyamba, Assaf",pp. 213-219(7),Open Access content,https://www.ingentaconnect.com/contentone/asprs/pers/2026/00000092/00000003/art00011;jsessionid=qf5ojetiaami.x-ic-live-03,"Freely available government satellite observations enable scientists to monitor changes across the Earth system. Calibrated and validated global satellite data have advanced our understanding of interactions within and between the energy, carbon, and water cycles. In addition to answering fundamental science questions, these environmental indicators are also used to inform practical decisions relevant to agriculture, health, renewable energy, infrastructure, and more. Assimilating satellite observations into models fills data gaps and provides predictive tools. Partnering with other organizations to reach new communities and combining environmental data with sector-specific data increases its utility and societal benefit. Additionally, under the principles of open science, government agencies are working together to make useful information derived from global observations, both data and software tools, more easily accessible. This paper reviews recent NASA Earth satellite missions, highlights a few examples of science discoveries and practical applications, and describes new activities and directions.",March 2026,
Integration of Near-Proximal and Proximal Lidar Sensing for Fine-Resolution Forest Inventory,"Zhao, Chunxi; Hanafy, Hazem; Eissa, Aser M.; Hany, Youssef; Shao, Jinyuan; Fei, Songlin; Habib, Ayman",pp. 189-211(23),Open Access content,https://www.ingentaconnect.com/contentone/asprs/pers/2026/00000092/00000003/art00009;jsessionid=qf5ojetiaami.x-ic-live-03,"Near-proximal and proximal light detection and ranging (lidar) systems are increasingly used for high-resolution forest inventory. Near-proximal lidar systems, such as those onboard uncrewed aerial vehicles (UAVs), offer high absolute positional accuracy due to continuous global navigation satellite system (GNSS) signal accessibility. Proximal lidar systems, such as backpack-based mobile mapping, excel at capturing detailed under-canopy information, including forest floor, tree trunks, and debris. However, each system has limitations when used alone. UAV lidar encounters challenges in under-canopy data collection due to occlusions and longer sensor-to-object distance, while proximal lidar faces GNSS signal outages and incomplete top canopy scanning in dense forest areas. This study proposes an approach to integrate near-proximal (UAV) and proximal (backpack) lidar data for fine-resolution forest inventory. Specifically, a framework is presented for integrating both data sources to improve the trajectory of the backpack system and establish an inventory pipeline for individual tree detection/localization, height, and diameter at breast height (DBH) estimation. The experimental results show great potential in generating high-quality, georeferenced point clouds across northern red oak plantation and coniferous forest scenarios. For northern red oak plantation inventory, the proposed pipeline achieved a 100% F1 score in tree detection and stem mapping using integrated lidar data, with root mean square errors (RMSE s) of 3 cm and 2 m for DBH and tree height estimation, respectively, when compared to field measurements. For the mixed coniferous forest inventory, due to the lack of field reference, the integrated UAV and backpack data set have been used to manually count the trees and establish their heights. The pipeline results are compared with those derived manually. The results show that UAV data have the lowest tree-detection accuracy, with an 81.06% F1 score, while proximal and integrated data excel in stem mapping, with a 91.92% F1 score. For the estimated height results, the near-proximal and integrated data have an RMSE value of almost 1.8 m, while the backpack has an RMSE value of 2.25 m. These results demonstrate the advantage of near-proximal/proximal data integration for best evaluation of tree detection, localization, and DBH/height estimation.",March 2026,
Mapping the Future: Critical Geospatial Trends for 2026,"Abdullah, Qassim",pp. 87-90(4),Open Access content,https://www.ingentaconnect.com/contentone/asprs/pers/2026/00000092/00000002/art00002;jsessionid=a3wsiwb38p4q.x-ic-live-01,"The geospatial mapping sector is experiencing a period of significant technological evolution, propelled by breakthroughs in advanced sensors, sophisticated processing software, increased automation, and the widespread integration of artificial intelligence. And what’s most interesting is that the biggest breakthroughs are not loud revolutions ‐ they’re quiet, steady advances reshaping how we map, measure, and understand the world.",February 2026,
Accuracy Evaluation of Airborne and Terrestrial Point Cloud Registration,"Arastounia, Mostafa",pp. 155-166(12),Open Access content,https://www.ingentaconnect.com/contentone/asprs/pers/2026/00000092/00000002/art00017;jsessionid=a3wsiwb38p4q.x-ic-live-01,"Terrestrial laser scanners (TLS) and drones have revolutionized mapping in recent years. However, neither can fully cover large sites since scanners miss objects’ topmost parts and drones fail to capture objects’ vertical elements. Therefore, there is a need to integrate their data to provide complete coverage of sites. This study aims to inspect the accuracy of combining such terrestrial and airborne point clouds. To this end, data of three sites were collected using a TLS and a drone and processed separately. Airborne data were georeferenced using ground control points, but terrestrial data were not georeferenced intentionally so that it could be scaled, shifted, and rotated freely in 3D space to fit the airborne data more closely. Then, nonlinear least squares adjustment was applied for this coordinate transformation, and the results were assessed both visually and quantitatively. No major gap or misalignment between two data types could be visually identified after integration. For quantitative analysis, the root mean square error (RMSE), the change in flatness and orientation of some areas after data integration were computed. The results indicate the maximum RMSE, flatness, and orientation change were 0.037 m, 0.01 m, and 37 arcminutes, respectively, suggesting that integration error was within the allowable tolerance. Statistical significance testing was also applied to the obtained results indicating, with a 99% significance level, that the average flatness did not change after data integration, and the average orientation change was less than 15 arcminutes for all test areas.",February 2026,
Probabilistic Uncertainty-Guided Salient Object Detection in Remote Sensing Images,"Yang, Wei; Chen, Xuhui; Huang, Andong; Yao, Yongxiang; Li, Hongli; Wang, Ying",pp. 141-153(13),,https://www.ingentaconnect.com/contentone/asprs/pers/2026/00000092/00000002/art00015;jsessionid=a3wsiwb38p4q.x-ic-live-01,"Salient object detection holds significant application value in fields such as agricultural monitoring, disaster assessment, and urban planning, providing critical support for precise decision-making. Existing deep learning???based detection methods often rely on nonlinear mappings to perform binary classification of pixels. However, considerable uncertainty often occurs in areas where objects and backgrounds are alike because of lighting variations, shadow effects, and similar object interference. This uncertainty negatively affects the detection performance, especially at pixels near the decision boundary. To address this issue, a remote sensing salient object-detection method is proposed based on probabilistic uncertainty assessment (uncertainty guided network [UGNet]). First, a multi-scale encoder‐decoder framework with deep supervision is designed for the uncertainty calculation of confusing features. It uses high-level semantic features as guidance to enhance the ability to distinguish confusing features. Then, an uncertainty estimation mapping module is constructed, which uses Gaussian distribution to weight uncertain pixels, thereby improving the semantic distinction in confusing regions. A multi-scale focus fusion module is then introduced to integrate global and local information, reducing the uncertainty of multi-scale confusing features. Finally, multi-scale deep supervision is used to enhance the accuracy of salient object detection. Experimental results on two public data sets, optical remote sensing saliency detection and extended optical remote sensing saliency detection, demonstrate that the proposed UGNet outperforms 18 mainstream methods, with significantly improved detection performance. The code is available at https://github.com/OrangeCat12352/UGNet.",February 2026,
Graph Neural Network-Based Land Cover-Classification of Remote Sensing Images Using Multi-Scale and Depth Features,"Liu, Jiexi; Xie, Zhiwei; Sun, Lishuang; Liu, Ruizhao",pp. 123-140(18),,https://www.ingentaconnect.com/contentone/asprs/pers/2026/00000092/00000002/art00014;jsessionid=a3wsiwb38p4q.x-ic-live-01,"Remote sensing land-cover classification can provide valuable data support for natural resource management. Existing classification methods based on graph-neural networks rely mainly on the global features and non-Euclidean structural features of image objects without considering the local features that describe their internal structures and the raster-depth features in the form of Euclidean structures. To this end, this paper presents a multi-scale and deep-feature, remote sensing???image land cover???classification method that embeds raster-depth features into node features and captures multi-scale graph-embedding information from global graphs and subgraphs to fully express image information. The depth-feature map of the image is obtained through a visual geometry Group 16???layer network and integrated into the feature space. The fractal network evolution algorithm is adopted to obtain multi-scale image objects. Global-scale features such as spectral, texture, index, and raster-depth features of the image objects are extracted, and local-scale features (e.g., average degree, average path length, graph diameter, average clustering coefficient, small-world effect) of the subgraphs are extracted to construct multi-scale depth features. The composite global graph structure is constructed by adopting adaptive weights, the graph embeddings are extracted via the graph convolutional network, and the node categories are predicted via SoftMax. For the Gaofen Image Dataset (GID‐15, a public benchmark dataset for land cover classification) and the 2017 China Computer Federation Remote Sensing Image Classification Dataset (CCF 2017, released in the 2017 China Computer Federation Big Data and Computational Intelligence Contest), as compared with the traditional method that considers only the global scale and the single-graph structure, this method improves the overall accuracy by 3.83% and 3.46%, respectively, and increases the kappa coefficient by 0.0681 and 0.0637, respectively, which indicates its effectiveness.",February 2026,
An Efficient Multi-Scale Transformer Network with Fusion-Attention for Point Cloud-Semantic Segmentation in Urban Environments,"Guo, Bo; Huang, Zhihai; Tang, Shengjun; Wambugu, Naftaly; Guo, Wenchao; Wang, Ruisheng; Deng, Xiaolong; Hay-Man Ng, Alex",pp. 109-122(14),,https://www.ingentaconnect.com/contentone/asprs/pers/2026/00000092/00000002/art00013;jsessionid=a3wsiwb38p4q.x-ic-live-01,"This article investigates point-cloud segmentation, which is crucial but challenging for scene interpretation, especially for three-dimensional (3D) urban scenes at a city scale. Compared with the previous approaches, the proposed method gains a competitive advantage by leveraging an efficient multi-scale transformer, which complements the convolution in a hierarchical network to improve the representation ability with globally contextual information. More specifically, to address the problem of quadratic complexity that hinders large-scale point-cloud processing, a lightweight attention module with linear complexity is introduced by sequentially implementing channel and spatial attention to replace quadratic dot-product attention. Based on this lightweight attention module, an encoder based on a transformer is implemented to aggregate the feature sequence within a scale into a learnable token. To improve the efficiency of integrating information of multiple scales with no inductive bias, fusion attention is proposed, using only learned tokens to calculate the query, in which the complexity of the attention map can be bounded to be linear. The fusion-attention module is embedded in the multi-scale transformer to further expand the receptive field. The proposed method extends the previous hierarchical networks of point-cloud processing by incorporating the detailed information extracted via convolution and the globally contextual information extracted by the multiscale transformer to greatly improve the representative ability of features for the accurate segmentation of point-cloud data. Two benchmark datasets (Dayton Annotated LiDAR Earth Scan [DALES] and Toronto3D) were used to assess the proposed method. This method achieved an improvement of approximately 1.5% in mean intersection over union for semantic segmentation on the DALES dataset compared with the state-of-the-art methods. Meanwhile, an ablation study showed that consistent improvements were mainly attributed to the wide applicability of the efficient attention mechanism for enlarging the receptive field.",February 2026,
A Lightweight YOLO-Based Algorithm for Digital Target Recognition Integrating Positional Enhancement and Morphological Processing,"Wang, Sheng; Zheng, Nae; Lv, Pinpin; Gao, Tian",pp. 65-72(8),Subscribed content,https://www.ingentaconnect.com/contentone/asprs/pers/2026/00000092/00000001/art00011;jsessionid=c89kft5md6pb.x-ic-live-02,"Target detection is vital for modern military applications, yet deploying deep learning models on resource-limited edge devices remains challenging. Existing lightweight models often exhibit poor boundary localization and low digit recognition accuracy, falling short of real-time and precision requirements. This paper introduces a lightweight YOLO-based algorithm enhanced with a novel positional mechanism and morphological processing. The key component, a position-enhanced feature pyramid network (Enhanced-FPN), fuses shallow high-resolution and deep semantic features to improve localization accuracy. A ShuffleNetv2 backbone ensures low computational overhead, while a postdetection module applies morphological processing to robustly extract digit contours and orientation. Evaluated on a custom military data set, the model achieves 49.92% mean average precision at a 50% intersection over union threshold (mAP50) at 11.24 frames/second on an edge device–improving accuracy by 7.02 points and speed by 12.8% over the Yolo-FastestV2 baseline, with a comparable 0.11 GFLOP (Giga Floating Point Operations per second) cost. These results highlight the method’s effectiveness for real-time, high-precision target recognition in constrained environments.",January 2026,
Optimized 3D Building Mapping and Reconstruction via Cross-View Collaboration in Densely Built-Up Areas,"Tang, Shengjun; Chen, Yujie; Yu, Tian; Li, You; Xie, Linfu; Wang, Weixi; Guo, Renzhong",pp. 49-63(15),Open Access content,https://www.ingentaconnect.com/contentone/asprs/pers/2026/00000092/00000001/art00010;jsessionid=c89kft5md6pb.x-ic-live-02,"High-precision urban three-dimensional (3D) point clouds can be effectively generated using airborne oblique photogrammetry and lidar scanning. However, due to occlusions from dense building layouts and vegetation, existing airborne acquisition methods often struggle to capture complete building geometries. This incompleteness poses serious challenges for applications such as urban planning, smart city management, and autonomous navigation, which require structurally complete and accurate 3D data. To address this limitation, this paper proposes a novel cross-view collaborative surveying framework that integrates aerial and ground-based data collection for precise and efficient 3D reconstruction of urban buildings. The framework begins by performing automated building completeness detection on aerial point clouds using a multi-layer slice projection algorithm, which enables accurate identification of missing regions in both point-wise and surface-wise forms. These detected deficiencies are then used to guide the generation of optimized ground-based supplementary acquisition routes, incorporating a global-local planning mechanism and a multi-objective technologies for autonomous robot exploration (TARE) strategy to enable autonomous and adaptive data collection. Comprehensive experiments were conducted in both simulated and real-world urban environments. Evaluation metrics focused on point cloud completeness and 3D reconstruction accuracy. The results demonstrate that the proposed method significantly enhances the completeness of building point clouds, achieving an average detection accuracy above 90%, while also reducing reconstruction error by up to 65% in complex urban scenarios. The proposed method provides a valuable tool for urban mapping professionals, autonomous systems, and digital city infrastructure developers who depend on high-quality 3D building models.",January 2026,
Comparison of Intertidal Terrain Extraction Methods Based on ICESat‐2 and Tidal Data,"Chen, Deliang; Lu, Zixuan; ZhuangJianbo Xiao, Qizhi; Xiao, Jianbo; Chen, Song; Cheng, Liang",pp. 35-47(13),Open Access content,https://www.ingentaconnect.com/contentone/asprs/pers/2026/00000092/00000001/art00008;jsessionid=c89kft5md6pb.x-ic-live-02,"The intertidal zone is a transitional area between land and sea, characterized by both marine and terrestrial features, with rich resources in mudflats. Accurately mapping the intertidal topography and understanding its dynamic characteristics are of great significance. In this study, Sentinel-2 imagery was used, combined with tidal data and ICESat‐2 data, respectively. Four methods–the waterline method, the inundation frequency method, random forest regression, and the long short-term memory (LSTM) model–were applied to extract intertidal topography in the large radial sand ridges along the Jiangsu coast. When validated with ICESat‐2 data and unmanned aerial vehicle (UAV) data, the root mean square error (RMSE) values of all four methods combined with ICESat‐2 data were lower than those combined with tidal data. Using ICESat‐2 data for validation, the waterline method combined with ICESat‐2 data achieved the lowest RMSE of 0.218 m. When validated with UAV data, the inundation frequency method combined with ICESat‐2 data yielded the lowest RMSE of 0.864 m. From 2020 to 2024, the intertidal zone in this region was initially dominated by erosion, followed by deposition, ultimately reaching a dynamic equilibrium. This study achieved two objectives: (1) under identical area conditions using the same image data and two elevation data, four different methods were validated to compare their topographic extraction performance and identify the optimal approach; and (2) the optimal method was applied to generate multi-temporal topographic results of a local intertidal zone along the Jiangsu coast, analyzing terrain change in the region.",January 2026,
RSIDetNet: An Efficient Oriented Small Object Detection Model for Remote Sensing Images Based on Cross-Scale Feature Fusion and Large Kernel Decomposition,"Kang, Zizhuang; Han, Yihui; He, Bing; Jia, Mingquan; Luo, Wen; Fu, Ying; He, Wei",pp. 23-34(12),Open Access content,https://www.ingentaconnect.com/contentone/asprs/pers/2026/00000092/00000001/art00007;jsessionid=c89kft5md6pb.x-ic-live-02,"Small object detection in remote sensing images is crucial for maximizing data utility, but small objects face challenges due to their limited pixel coverage, low resolution, and susceptibility to background noise. This paper proposes an orientated small object detection model for remote sensing images based on cross-scale feature fusion and large kernel decomposition. The model consists of four main components: the image feature extraction module, the multi-scale feature fusion module, the cross-fusion region proposal network for generating candidate regions, and the dual detection head for predicting target categories and rotating bounding boxes. Experiments are conducted on two datasets, SODA‐A and HRSC‐2016, and the results show that the proposed model improves the mean average precision (mAP) by at least 6.3% over classical 1‐stage models and by at least 2.6% over classical 2‐stage model. In particular, when detecting very small objects (area less than 144 pixels), the mAP value is as high as 17.2%, which is a significant improvement compared with other models, indicating that it is very effective in dealing with the difficult task of small object detection.",January 2026,
Assessing the Accuracy of a 2021 Kansas‐Oklahoma Tallgrass Ecosystem Burn Area Map,"Iiames, John; Congalton, Russell G.; Avey, Lance; Miller, Steven; Ebert, Don; Grier, Gina",pp. 799-807(9),Open Access content,https://www.ingentaconnect.com/contentone/asprs/pers/2025/00000091/00000012/art00019;jsessionid=1ipqro8bok43i.x-ic-live-02,"Systematic spring season burning of the tallgrass prairie in eastern Kansas and northeastern Oklahoma has been used by ranchers and ecologists for over 150 years to encourage forage production and reduce invasive species propagation and woody species encroachment in the Kansas Flint Hills and Oklahoma Osage Tallgrass ecoregion. On average, 8100 km2is burned yearly during the March to April burn window. Despite the beneficial effects resulting from spring burning, air resource managers must also account for the particulates emitted from the combustion of these fuels. The Kansas Department of Health and Environment (KDHE) has mapped spring burn area over the Flint Hills (Kansas) and Osage (Oklahoma) regions since 2011 by processing satellite data from the National Aeronautics and Space Administration (NASA) Moderate Resolution Imaging Spectroradiometer (MODIS) sensor onboard both the Aqua and Terra satellite platforms. Understanding the accuracy of these maps is useful for understanding PM2.5 impacts to the local communities and the surrounding states. We conducted both a sample unit???based and an area???based assessment of the 4 April 2021 burn area map to determine map accuracy and identified potential sources of error, both “commission” (i.e., mapped a burn area where there was no burn) and “omission” (i.e., did not map a burn area where a burn actually occurred). The results indicate that the KDHE 2021 map achieved high overall accuracies (>94%), yet these accuracies were not consistent over the entire area. Omission and commission errors were three to four times larger in areas that had higher burn area percentages, partially due to increased burn edge, promoting larger numbers of mixed 250-m cells. Another source of error was from the prior year (2020) fall burn scars that were occasionally identified as spring burns over the 2021 burn season. The area-based assessment method provided additional information from the sample unit???based method and was useful in identifying anomalous assessment results dependent on the geographical location within the tallgrass system.",December 2025,
ETF-MNet:A Multi-Scale Fusion Network for Enhancing Target Features for Remote Sensing Images,"Shan, Huilin; Wang, Shuoyang; Hu, Yuxiang; Chen, Xin; Wu, Xinyue; Zhang, Yinsheng",pp. 787-797(11),,https://www.ingentaconnect.com/contentone/asprs/pers/2025/00000091/00000012/art00017;jsessionid=1ipqro8bok43i.x-ic-live-02,"In response to the challenges of dense target distribution, significant scale variations, and limited feature information for small objects in remote sensing images, this paper introduces a multi-scale fusion network with enhanced target features. Initially, a multi-layer feature aggregation module is constructed within the backbone network to enhance the capability of feature extraction. Subsequently, a multi-channel feature fusion module is implemented in the neck portion of the network to effectively capture cross-channel information and further enhance the expressive power of features at different scales. Moreover, a bi-directional multi-scale feature fusion module is proposed as a mechanism for feature fusion, using top-down and bottom-up fusion strategies to facilitate information interaction among features at different levels. Finally, in the detection layer, a fractional Fourier transform is applied to the image to extract additional feature information, which, combined with convolutional operations, improves the accuracy of small object detection. To validate the effectiveness of the proposed method, experiments were conducted on the data set for object detection in aerial images and Northwestern Polytechnical University very high resolution 10 data sets. The average detection accuracy achieved was 78.7% and 95.4%, respectively. Computational complexity was measured at 95.6 G, and the overall model size was 30.7 M. These results demonstrate that the proposed method excels at high detection accuracy, low computational complexity, and strong feature representation capability. It effectively improves the detection accuracy of small objects in remote sensing images, thereby enhancing the overall performance of small object detection in remote sensing imagery.",December 2025,
"Evaluating Three-Dimensional Elevation Program Lidar Consistency and Accuracy at Scale Using Cloud-Native, Open-Source Methods","Sampath, Aparajithan; Irwin, Jeffrey R.; Stoker, Jason M.",pp. 777-785(9),Open Access content,https://www.ingentaconnect.com/contentone/asprs/pers/2025/00000091/00000012/art00015;jsessionid=1ipqro8bok43i.x-ic-live-02,"The U.S. Geological Survey three-dimensional elevation program (3DEP) has significantly expanded national lidar coverage, necessitating scalable, reproducible methods for assessing data quality across diverse terrains and acquisition conditions. This study introduces a cloud-native, open-source workflow designed to evaluate the geometric accuracy and consistency of 3DEP lidar data sets at a national scale. Leveraging tools such as the Point Data Abstraction Library, Open3D, and Amazon Web Services infrastructure, the workflow integrates global navigation satellite system???surveyed ground control points and terrestrial laser scanning data to validate airborne lidar collections. Two case studies demonstrate the application of this process. In Puerto Rico, the process identified vertical biases and inconsistencies in vegetated areas, while in Iowa and Arizona, the process confirmed high vertical accuracy with minimal bias. The results underscore the effectiveness of combining cloud computing with open-source tools to perform large-scale lidar data quality assessments. This process offers a reproducible, efficient solution for nationwide validation of 3DEP data sets, supporting enhanced decision-making in geospatial applications.",December 2025,
Joint Detection and Parameters Regression of Detailed Windows based on Facade Textures via an Adaptive Soft Teacher,"Hu, Han; Li, Chenwei; Xu, Bo; Chen, Min; Zhu, Qing; Han, Zujie; Ning, Xinwen; Fu, Xuesong",pp. 763-775(13),Open Access content,https://www.ingentaconnect.com/contentone/asprs/pers/2025/00000091/00000012/art00013;jsessionid=1ipqro8bok43i.x-ic-live-02,"The detailed and precise reconstruction of building facades with semantic information conforming to the level-of-detail protocol has drawn increasing attention in recent years. However, despite windows being a major component of building facades, current research often oversimplifies them in the modeling process, primarily focusing on their location and size. This study proposes a joint approach to simultaneously address window detection and detailed parametric modeling. All required window information, including type, location, and interior structure parameters, is obtained via an end-to-end network. This information is then consolidated into predefined window syntax accessible via the SketchUp Ruby application programming interface (API), resulting in the construction of detailed three-dimensional window models. To resolve the issue of training the network with limited labeled data, an adaptive threshold method based on Soft Teacher is proposed, leveraging the pseudolabel technique and consistency regularization to enhance detection precision. Experiments performed on multiple datasets demonstrate that the proposed methods achieve improved window-detection precision with reduced cell estimation errors compared with existing Faster R-CNN???based methods. The mean average precision and average precision at the intersection of union = 0.5 (AP50) metrics increased from 47.9% and 61.9% to 69.0% and 83.1%, respectively. The mean absolute error metric for cell estimation improved from 0.103 to 0.076.",December 2025,
A Novel Multi-level Feature Collaborative Matching Network for Optical and Synthetic Aperture Radar Image Registration,"Pang, Bo; Wang, Lei; Wei, Bo; Zhu, Wenlei; Gao, Haiyun",pp. 753-761(9),,https://www.ingentaconnect.com/contentone/asprs/pers/2025/00000091/00000012/art00011;jsessionid=1ipqro8bok43i.x-ic-live-02,"Due to the complementary characteristics of synthetic aperture radar (SAR) and optical images, image registration as a prerequisite for their information fusion has received increasing attention. Currently, learning-based methods can better handle the significant radiometric and geometric differences between optical and SAR images compared to traditional registration approaches, but they still have limitations in distinguishing difficult samples, making high-precision registration a remaining challenge. To address these challenges, this paper proposes a multi-level feature collaborative matching network (MFC-Net) that effectively integrates high-level abstract features and low-level spatial features for precise registration. Furthermore, a novel dual-dimension joint attention module (DDJA) is designed to dynamically capture feature dependencies across both channel and spatial dimensions, enhancing cross-modal feature consistency and improving matching performance. Additionally, to address the problem of similarity between hard positive and negative samples caused by high-precision registration requirements, a dynamic differentiation factor is introduced at the loss function level, enabling the model to better distinguish between these similar samples in training. Extensive experiments conducted on the WHU-OPT-SAR data set and WHU-SENCity data set demonstrate that the proposed MFC-Net outperforms state-of-the-art methods in both matching accuracy and precision, validating its superiority in cross-modal image registration tasks.",December 2025,
Novel Spatiotemporal ConvLSTM-Based Cellular Automata Model for Simulating Urban Expansion,"Zhou, Ye; Qiu, Yu; Wu, Tao; Lv, Laishui",pp. 715-726(12),,https://www.ingentaconnect.com/contentone/asprs/pers/2025/00000091/00000011/art00013;jsessionid=5mho1n1q3hadi.x-ic-live-03,"Accurately capturing and simulating the spatiotemporal dynamics of urban expansion remains a persistent challenge in urban planning and environmental management. Traditional machine learning methods often struggle to capture the complexity of spatial features and the multi-scale spatiotemporal dynamics involved in deriving the transition rules of cellular automata (CA), making it difficult to balance detailed local expansion with broader overall trends during the urban expansion simulation process. To address these challenges, we propose a novel spatiotemporal CA model based on the convolutional long short-term memory (ConvLSTM) neural network. This model, termed ST-ConvLSTM-CA, simultaneously enhances critical spatial features and incorporates multi-scale spatiotemporal features by integrating the shuffle attention mechanism and a spatiotemporal expression (SE) block into the ConvLSTM architecture. First, the channel dimensions of spatial features are grouped and channel spatial attention is performed in parallel, allowing for efficient fusion and weighting of key spatial features with minimal computational cost. Second, the SE module is used to integrate the multi-scale information within ConvLSTM cells, enhancing the representation of neighborhood details across different spatial granularities and capturing dynamic temporal features. Finally, the improved model generates conversion probability maps, which are used by the CA model to simulate time series urban expansion maps. Using the urban agglomerations of the Guangdong-Hong Kong-Macao Greater Bay Area, the Yangtze River Delta, and Beijing-Tianjing-Tangshan as case studies, results show that ST-ConvLSTM-CA achieves the highest accuracy across all three regions. This demonstrates its robust adaptability to complex spatiotemporal data and superior predictive performance.",November 2025,
Landsat-Derived Rainfed and Irrigated-Area Product for Conterminous United States for the Year 2020 (LRIP30 CONUS 2020) Using Supervised and Unsupervised Machine Learning on the Cloud,"Teluguntla, Pardhasaradhi; Thenkabail, Prasad S.; Oliphant, Adam; Aneece, Itiya; Biggs, Trent; Gumma, Murali Krishna; Foley, Daniel; McCormick, Richard; Neelam, Rohitha; Long, Emerson; Lawton, Jake",pp. 703-714(12),Open Access content,https://www.ingentaconnect.com/contentone/asprs/pers/2025/00000091/00000011/art00012;jsessionid=5mho1n1q3hadi.x-ic-live-03,"Accurate maps of irrigated and rainfed croplands are crucial for assessing global food and water security. Irrigated croplands yield two to four times more grain and biomass than rainfed croplands. To meet rising food demand, the proportion of cropland that is irrigated must be increased globally. Because agriculture uses 80% to 90% of global fresh water, understanding changes in cropland extent, crop type, and irrigation is critical for meeting nutritional needs sustainably. The United States has one of the most productive rainfed and irrigated croplands in the world and is a leading producer and exporter of agricultural crops. Precise maps of irrigated and rainfed croplands in the United States are crucial for assessing the current and the future agricultural production capacity in supporting food security. We developed a 30-m resolution rainfed and irrigated area map for the conterminous United States derived from 2019 to 2021 multi-date Landsat-8 data (LRIP30 CONUS 2020). A total of 96 harmonized spectral bands comprising monthly median value composites of eight bands (blue, green, red, NIR, SWIR1, SWIR2, TIR, and enhanced vegetation index [EVI]) were used. A cropland mask was then applied, and reference data were sourced from various sources. A pixel based supervised random forest classifier, and pixel based unsupervised ISODATA clustering classifier were implemented on Google Earth Engine and the ERDAS Imagine workstation to classify, identify, map, and assess accuracies of irrigated and rainfed cropland areas. The LRIP30 CONUS 2020 product achieved an overall accuracy of 93.9%. The irrigated and rainfed classes had producer's accuracies of 90.2% and 95.7%, respectively, and user's accuracies of 90.8% and 95.4%, respectively. The total net cropland area was estimated at 139.4 million hectares (Mha), of which 94.9 Mha (68%) was classified as rainfed and 44.5 Mha (32%) was classified as irrigated. State level summaries highlight regional differences and their implications for national and global food and water security.",November 2025,
Thermal Point Cloud Generation and Evaluation from Uncalibrated Unmanned Aerial Vehicle–Visible and Infrared Camera Images Using Position and Orientation System Prior,"Liu, Siqi; Wang, Qiang; Fan, Shenghong; Cui, Ximin; Zou, Yue; Liang, Yubin; Wang, Qian",pp. 693-702(10),,https://www.ingentaconnect.com/contentone/asprs/pers/2025/00000091/00000011/art00010;jsessionid=5mho1n1q3hadi.x-ic-live-03,"This paper presents a methodology for thermal infrared (TIR) point cloud acquisition, leveraging information from the visible camera, TIR camera, and their respective unmanned aerial vehicle (UAV) position and their position and orientation systems (POSs) prior. First, the visible images and their corresponding UAV POS information are used to generate a red–green–blue (RGB) dense point cloud with geographic coordinates; subsequently, using the RGB dense point cloud as a reference, the acquisition of a calibration parameter between global navigation satellite system/inertial measurement unit and the TIR camera is conducted using the POS information corresponding to the selected TIR images; finally, a TIR point cloud of the entire survey area is generated based on the calibration parameters. The availability and suitability of the fused TIR point cloud generated and UAV POS data are also evaluated in terms of localization deviations and orientation deviations. The experimental results demonstrate that the acquisition of coarse quality TIR point cloud can be achieved by using a priori POS data provided by different small UAVs. The TIR point cloud generated by the UAV POS data guidance can be directly applied to medium and large-sized buildings. The POS guided projected images achieved an 86.67% registration success rate with the TIR images, indicating that the orientation deviations are within acceptable limits and establishing a solid foundation for subsequent fine fusion.",November 2025,
An Efficient Irregular Texture Nesting Method via Hybrid NFP-SADE with Adaptive Container Resizing,"Lou, Liyuan; Li, Wanyun; Yu, Jingle; Wang, Xin; Zhan, Zongqian",pp. 681-691(11),,https://www.ingentaconnect.com/contentone/asprs/pers/2025/00000091/00000011/art00008;jsessionid=5mho1n1q3hadi.x-ic-live-03,"Efficient irregular texture nesting, which is necessary for improving the efficiency of texture mapping and 3D model rendering, especially for large-scale 3D reconstruction tasks, has emerged as a critical research topic in the fields of photogrammetry, computer graphics, and computer vision. However, persistent inefficiencies and high computational costs in existing texture nesting algorithms pose significant challenges when dealing with vast quantities of irregularly shaped texture patches. To solve this problem, this work presents an efficient and well structured texture nesting for reorganizing irregular textures in a space efficient and time efficient way. More specifically, a hybrid optimization approach that integrates an enhanced no fit polygon (NFP) method with an improved simplified atavistic differential evolution (SADE) algorithm is proposed. The canonical SADE is reformulated, tailored for texture nesting optimization, and a novel self-adaptive container resizing strategy is used to surpass traditional NFP approaches in polygon processing efficiency. The experimental results demonstrate that the proposed method significantly improves irregular texture nesting efficiency, achieving speed improvements of up to 5.44 times compared with the common genetic algorithm–based method and 5.21 times over the simulated annealing–based method. Furthermore, it consistently improves space use by approximately 6.56%, indicating a more effective layout strategy and optimized resource use. Code is available at https:// github. com/louliyuan/NFP-SADE-With-Adaptive-Container-Resizing.",November 2025,
MRTD-Based Effective Range Analysis of Airborne Infrared Imaging Systems for Ship Detection: Optimization of the Calculation for Operational Range Through an Improved MRTD Model,"Yan, Peng; Tian, Yuyang; Ling, Xiao; Zhu, Kaikai; Sheng, Qinghong; Wang, Bo; Li, Jun; Liu, Xiang; Xu, Xiao",pp. 623-630(8),Open Access content,https://www.ingentaconnect.com/contentone/asprs/pers/2025/00000091/00000010/art00010;jsessionid=3co9c5gsl9nev.x-ic-live-03,"When the airborne infrared imaging system detects ships, significant variations in environmental temperature are often observed. In the existing calculation models for the operating range, the factor of environmental temperature has not been taken into account. However, when the environmental temperature changes, it will affect the variation of the minimum resolvable temperature difference (MRTD) of the system, resulting in a relatively large deviation in the prediction of the operating range of the airborne infrared imaging system. To address this crucial technical challenge, this study systematically established the relationship formula of the MRTD under different temperatures. By integrating with the improved theoretical model of MRTD, a calculation method for the operating range that takes environmental temperature into consideration was developed to accurately determine the operating range of the airborne infrared imaging system. Comparative experimental studies focusing on ships show that, compared with traditional methods, the prediction deviation of the proposed method is significantly reduced, with an average reduction of 10.1%.",October 2025,
Thirty Years of the U.S. National Land Cover Database: Impacts and Future Direction,"Sohl, Terry; Jin, Suming; Dewitz, Jon; Wickham, James; Brown, Jesslyn; Stehman, Stephen; Herold, Nathaniel; Schleeweis, Karen; Tollerud, Heather; Deering, Carol",pp. 647-659(13),Open Access content,https://www.ingentaconnect.com/contentone/asprs/pers/2025/00000091/00000010/art00013;jsessionid=3co9c5gsl9nev.x-ic-live-03,"The National Land Cover Database (NLCD), developed through the Multi-Resolution Land Characteristics Consortium, was initiated 30 years ago and has continually provided critical, Landsat-based landcover and land-change information for the United States. Originally launched to address the lack of national-scale, moderate-resolution land-cover data, NLCD has evolved from the pioneering 1992 dataset into a comprehensive, annually updated product suite. Key innovations include the introduction of impervious surface mapping, forest canopy mapping, standardized Landsat mosaics, national-scale accuracy assessments, continual evolution of deep learning and artificial intelligence methodologies, and a transition toward operational, change-focused monitoring. The NLCD has become an essential resource for scientific research, land management, and policy development, with extensive adoption across federal, state, and local agencies; academia; and the private sector. The NLCD data underpin a wide array of applications, including biodiversity conservation, urban planning, hydrology, human health studies, and natural hazard assessment. As new global and high-resolution commercial land-cover products emerge, the NLCD continues to distinguish itself through its temporal depth, federal backing, and thematic consistency. Moving forward, the NLCD will maintain its niche as the leading, moderate-resolution, long-term land-cover and land-change dataset for the United States, ensuring continued support for broad national applications while complementing higher-resolution and global-mapping efforts.",October 2025,
Convolutional Neural Networks for Land Use and Land Cover Multi-class Maps from Historical Aerial Photographs,"Kostrzewa, Adam",pp. 631-645(15),Open Access content,https://www.ingentaconnect.com/contentone/asprs/pers/2025/00000091/00000010/art00011;jsessionid=3co9c5gsl9nev.x-ic-live-03,"Historical maps that describe past land use and land cover (LULC) forms can be a precious source of information in many scientific fields studying long-term spatial and temporal changes in the landscape. Such repositories were created manually in small areas in the past, which was a time-consuming and labor-intensive task. Recently, there has been a growing tendency to use machine learning models for this purpose, along with deep learning methods. However, having a massive amount of labeled data is necessary for these methods to train the networks. Training data are often manually labeled, posing a significant challenge and limiting the automation of these methods. This article presents a method that uses topographic databases to extract complex multi-class maps representing LULC from historical aerial photographs, eliminating the time-consuming data labeling step. The method uses transfer learning with a pretrained model on 2020 and 2014 data and attempts to reconstruct LULC types with the same convolutional neural network (CNN) network on archived images from 2006. The experiment covered 488 km2and included seven LULC classes. The method was tested using different CNN architectures (U-Net, Pyramid Scene Parsing Network [PSPNet], and LinkNet) with backbones (ResNeXt+SE, EfficientNet, and Inception). The PSPNet‐EfficientNet‐b7 network model achieved the best results, with 90% overall accuracy for predicting LULC classes based on the 2006 archived aerial images.",October 2025,
Global Multi-Scale Fusion Self-Calibration Network for Remote Sensing Object Detection,"Chen, Yan; Shi, Xinlu; Wang, Xiaofeng; Gu, Qi; Zhang, Chen; Xu, Lixiang; Zhan, Shian; Yu, Wenle",pp. 607-621(15),,https://www.ingentaconnect.com/contentone/asprs/pers/2025/00000091/00000010/art00007;jsessionid=3co9c5gsl9nev.x-ic-live-03,"Applications of remote sensing images in both defense and civilian sectors have spurred substantial research interest. In the field of remote sensing, object detection confronts challenges such as complex backgrounds, scale diversity, and the presence of dense small objects. To address these issues, we propose an improved deep learning-based model, the Global Multi-scale Fusion Self-calibration Network, which is expected to contribute to alleviating the challenges. It consists of three main components: the hierarchical feature aggregation backbone, which uses improved modules such as the receptive field context-aware feature extraction module, the global information acquisition module, and the simple parameter-free attention module to extract key features and minimize the background interference. To couple multi-scale features, we enhanced the fusing component and designed the multi-scale enhanced pyramid structure integrating the proposed new modules. During the detection phase, especially when focusing on small object detection, we designed a novel convolutional attention feature fusion head. This head is constructed to integrate local and global branches for feature extraction by leveraging channel shuffling and multi-head attention mechanisms for efficient and accurate detection. Experiments on the Detection in Optical Remote Sensing Images (DIOR), Northwestern Polytechnical University Very High-Resolution‐10 (NWPU VHR‐10), remote sensing object detection (RSOD), and DOTAv1.0 data sets show that our method achieves mAP50(mean average precision at 50% intersection over union) of 69.7%, 91.3%, 94.2%, and 70.0%, respectively, outperforming existing comparative methods. The proposed network is expected to provide new perspectives for remote sensing tasks and possible solutions for relevant applications in the image domain.",October 2025,
